{"cameraMode":{"drawMode":0,"name":"Shaded","section":"Shading Mode"},"sceneLighting":true,"audioPlay":false,"sceneViewState":{"showFog":true,"showMaterialUpdate":false,"showSkybox":true,"showFlares":true,"showImageEffects":true,"showParticleSystems":true},"in2DMode":false,"pivot":{"x":-1.3384015560150147,"y":0.663287878036499,"z":-0.06481905281543732},"rotation":{"x":-0.24197280406951905,"y":-0.5905889272689819,"z":0.19166556000709535,"w":-0.7456033825874329},"size":-0.4595736265182495,"orthographic":false}