{"cameraMode":{"drawMode":0,"name":"Shaded","section":"Shading Mode"},"sceneLighting":false,"audioPlay":false,"sceneViewState":{"showFog":true,"showMaterialUpdate":false,"showSkybox":true,"showFlares":true,"showImageEffects":true,"showParticleSystems":true},"in2DMode":false,"pivot":{"x":0.010716557502746582,"y":0.041318029165267947,"z":0.3171696960926056},"rotation":{"x":-0.2914961576461792,"y":-0.010906985029578209,"z":0.003323891432955861,"w":-0.9565077424049377},"size":22.0,"orthographic":false}