{"cameraMode":{"drawMode":0,"name":"Shaded","section":"Shading Mode"},"sceneLighting":false,"audioPlay":false,"sceneViewState":{"showFog":true,"showMaterialUpdate":false,"showSkybox":true,"showFlares":true,"showImageEffects":true,"showParticleSystems":true},"in2DMode":false,"pivot":{"x":-0.0005499981343746185,"y":-0.10476715862751007,"z":-0.14635521173477174},"rotation":{"x":-0.2914961576461792,"y":-0.010906985029578209,"z":0.003323891432955861,"w":-0.9565077424049377},"size":0.5235334038734436,"orthographic":false}